IdLandkreis;Landkreis;Bundesland;Bevölkerung;SiebenTageInzidenz_Aktuell;SiebenTageInzidenz_Prognose1;SiebenTageInzidenz_Prognose2;SiebenTageInzidenz_Prognose3;SiebenTageInzidenz_Prognose4;SiebenTageInzidenz_Prognose5;SiebenTageInzidenz_Prognose6;SiebenTageInzidenz_Prognose7
1001;Flensburg;Schleswig-Holstein;90164;4.4;4.4;4.4;4.4;2.2;0.0;0.0;0.0
1002;Kiel;Schleswig-Holstein;246794;4.1;3.6;4.1;3.6;3.2;3.2;1.6;1.6
1003;Lübeck;Schleswig-Holstein;216530;6.0;6.0;4.2;3.2;2.3;2.3;0.0;0.0
1004;Neumünster;Schleswig-Holstein;80196;3.7;3.7;5.0;5.0;2.5;2.5;1.2;1.2
1051;Dithmarschen;Schleswig-Holstein;133193;0.0;0.0;0.0;0.0;0.0;0.0;0.0;0.0
1053;Herzogtum Lauenburg;Schleswig-Holstein;198019;2.0;2.0;2.0;1.5;0.0;0.0;0.0;0.0
1054;Nordfriesland;Schleswig-Holstein;165951;3.0;2.4;1.8;1.2;0.6;0.6;0.6;0.6
1055;Ostholstein;Schleswig-Holstein;200539;2.5;2.0;2.0;0.5;0.0;0.0;0.0;0.0
1056;Pinneberg;Schleswig-Holstein;316103;3.5;2.8;2.5;2.2;0.9;0.0;0.0;0.0
1057;Plön;Schleswig-Holstein;128686;1.6;1.6;2.3;1.6;0.8;0.8;0.8;0.8
1058;Rendsburg-Eckernförde;Schleswig-Holstein;274098;1.8;1.8;1.1;1.1;1.1;1.1;1.1;1.1
1059;Schleswig-Flensburg;Schleswig-Holstein;201156;1.0;1.0;0.0;0.0;0.0;0.0;0.0;0.0
1060;Segeberg;Schleswig-Holstein;277175;2.9;1.8;2.2;0.4;0.0;0.4;0.4;0.4
1061;Steinburg;Schleswig-Holstein;131013;0.8;0.8;0.8;0.0;0.0;0.0;0.0;0.0
1062;Stormarn;Schleswig-Holstein;244156;3.7;3.3;2.9;2.0;0.8;0.8;0.4;0.4
2000;Hamburg;Hamburg;1847253;7.9;7.2;5.6;4.8;3.9;3.4;1.4;1.4
3101;Braunschweig;Niedersachsen;249406;7.2;7.6;8.0;7.2;4.8;5.6;6.0;6.8
3102;Salzgitter;Niedersachsen;104291;2.9;2.9;2.9;0.0;0.0;0.0;0.0;0.0
3103;Wolfsburg;Niedersachsen;124371;3.2;3.2;6.4;6.4;9.6;11.3;13.7;15.3
3151;Gifhorn;Niedersachsen;176523;0.0;0.0;0.0;0.0;0.0;0.0;0.0;0.0
3153;Goslar;Niedersachsen;136292;1.5;0.0;0.0;0.0;0.0;0.0;0.0;0.0
3154;Helmstedt;Niedersachsen;91297;4.4;3.3;2.2;1.1;1.1;1.1;0.0;0.0
3155;Northeim;Niedersachsen;132285;0.8;0.8;0.8;0.8;0.8;0.8;0.0;0.0
3157;Peine;Niedersachsen;134801;1.5;1.5;0.7;0.7;0.0;0.0;0.0;0.0
3158;Wolfenbüttel;Niedersachsen;119622;2.5;2.5;2.5;1.7;1.7;0.8;0.0;0.0
3159;Göttingen;Niedersachsen;326041;0.6;0.6;0.6;0.6;0.6;0.6;0.3;0.3
3241;ion Hannover;Niedersachsen;1157115;4.2;4.1;5.4;4.8;4.8;4.9;5.2;5.3
3251;Diepholz;Niedersachsen;217089;0.9;0.5;0.5;0.5;0.5;0.5;0.0;0.0
3252;Hameln-Pyrmont;Niedersachsen;148549;2.0;2.0;2.7;1.3;1.3;1.3;0.7;0.7
3254;Hildesheim;Niedersachsen;275817;3.3;3.6;3.6;2.9;3.3;3.3;2.2;2.2
3255;Holzminden;Niedersachsen;70458;0.0;0.0;0.0;0.0;0.0;0.0;0.0;0.0
3256;Nienburg (Weser);Niedersachsen;121390;0.8;0.0;0.0;0.0;0.0;0.0;0.0;0.0
3257;Schaumburg;Niedersachsen;157820;3.2;3.2;5.1;4.4;4.4;5.1;6.3;7.0
3351;Celle;Niedersachsen;179011;11.2;5.0;5.0;3.4;1.7;1.7;1.7;1.7
3352;Cuxhaven;Niedersachsen;198038;0.5;0.0;0.0;0.0;0.0;0.0;0.0;0.0
3353;Harburg;Niedersachsen;254431;4.3;2.0;2.0;2.4;3.1;3.5;3.9;4.3
3354;Lüchow-Dannenberg;Niedersachsen;48412;2.1;2.1;2.1;2.1;2.1;2.1;0.0;0.0
3355;Lüneburg;Niedersachsen;184139;1.1;1.1;0.5;0.0;0.0;0.0;0.0;0.0
3356;Osterholz;Niedersachsen;113928;1.8;1.8;0.9;0.0;0.0;0.0;0.0;0.0
3357;Rotenburg (Wümme);Niedersachsen;163782;4.3;0.6;0.6;0.0;0.0;0.0;0.0;0.0
3358;Heidekreis;Niedersachsen;140673;1.4;1.4;2.1;2.1;2.1;2.1;0.7;0.7
3359;Stade;Niedersachsen;204512;14.7;13.2;12.7;9.3;10.8;12.2;10.3;11.7
3360;Uelzen;Niedersachsen;92389;0.0;0.0;0.0;0.0;0.0;0.0;0.0;0.0
3361;Verden;Niedersachsen;137133;2.2;0.7;0.7;0.0;0.0;0.0;0.0;0.0
3401;Delmenhorst;Niedersachsen;77559;9.0;5.2;2.6;1.3;1.3;1.3;0.0;0.0
3402;Emden;Niedersachsen;49913;0.0;0.0;0.0;0.0;0.0;0.0;0.0;0.0
3403;Oldenburg;Niedersachsen;169077;2.4;2.4;1.2;0.6;0.6;0.6;0.0;0.0
3404;Osnabrück;Niedersachsen;165251;6.7;6.1;3.6;1.8;1.8;0.6;0.6;0.6
3405;Wilhelmshaven;Niedersachsen;76089;1.3;1.3;1.3;1.3;1.3;0.0;0.0;0.0
3451;Ammerland;Niedersachsen;124859;0.8;0.8;0.8;0.8;0.8;0.8;0.0;0.0
3452;Aurich;Niedersachsen;189694;2.1;0.5;0.0;0.0;0.0;0.0;0.0;0.0
3453;Cloppenburg;Niedersachsen;170682;7.0;8.2;9.4;7.0;9.4;10.0;10.0;10.0
3454;Emsland;Niedersachsen;326954;0.9;0.9;0.6;0.3;0.3;0.0;0.0;0.0
3455;Friesland;Niedersachsen;98704;1.0;1.0;0.0;0.0;0.0;0.0;0.0;0.0
3456;Grafschaft Bentheim;Niedersachsen;137162;0.0;0.0;0.0;0.0;0.0;0.0;0.0;0.0
3457;Leer;Niedersachsen;170756;0.0;0.0;0.0;0.0;0.0;0.0;0.0;0.0
3458;Oldenburg;Niedersachsen;130890;0.8;0.8;1.5;1.5;0.8;0.8;0.8;0.8
3459;Osnabrück;Niedersachsen;358080;4.7;4.7;3.6;2.0;2.0;0.8;0.3;0.3
3460;Vechta;Niedersachsen;142814;1.4;1.4;1.4;0.7;0.7;0.7;0.0;0.0
3461;Wesermarsch;Niedersachsen;88583;1.1;1.1;1.1;1.1;0.0;0.0;0.0;0.0
3462;Wittmund;Niedersachsen;56926;5.3;5.3;0.0;0.0;0.0;0.0;0.0;0.0
4011;Bremen;Bremen;567559;6.3;6.7;8.1;8.8;10.4;11.6;12.9;14.8
4012;Bremerhaven;Bremen;113643;4.4;1.8;0.9;0.0;0.0;0.0;0.0;0.0
5111;Düsseldorf;Nordrhein-Westfalen;621877;10.9;9.6;12.2;13.7;15.3;18.0;21.2;25.2
5112;Duisburg;Nordrhein-Westfalen;498686;3.4;3.2;3.4;3.0;2.8;2.6;1.4;1.4
5113;Essen;Nordrhein-Westfalen;582760;5.7;3.9;3.1;2.2;1.5;1.2;1.0;1.0
5114;Krefeld;Nordrhein-Westfalen;227417;4.4;4.4;4.8;2.6;2.6;2.2;2.2;2.2
5116;Mönchengladbach;Nordrhein-Westfalen;261034;3.1;3.4;2.7;1.9;1.9;1.9;0.8;0.8
5117;Mülheim a.d.Ruhr;Nordrhein-Westfalen;170632;0.0;0.0;0.0;0.0;0.0;0.0;0.0;0.0
5119;Oberhausen;Nordrhein-Westfalen;210764;6.2;5.7;3.8;2.8;2.4;1.4;0.5;0.5
5120;Remscheid;Nordrhein-Westfalen;111338;0.0;0.0;0.0;0.0;0.0;0.0;0.0;0.0
5122;Solingen;Nordrhein-Westfalen;159245;4.4;2.5;3.1;3.1;0.6;0.6;0.6;0.6
5124;Wuppertal;Nordrhein-Westfalen;355100;3.4;3.1;3.7;2.5;2.3;2.3;1.7;1.7
5154;Kleve;Nordrhein-Westfalen;312465;5.4;5.8;5.4;4.8;4.5;2.2;1.3;1.3
5158;Mettmann;Nordrhein-Westfalen;485570;4.1;4.1;3.1;1.9;1.9;0.8;0.2;0.2
5162;Rhein-Kreis Neuss;Nordrhein-Westfalen;451730;6.6;4.9;4.0;4.0;4.0;2.9;2.0;2.0
5166;Viersen;Nordrhein-Westfalen;298863;4.0;3.7;3.0;3.0;2.0;1.3;0.7;0.7
5170;Wesel;Nordrhein-Westfalen;459976;2.6;2.2;1.7;1.3;1.1;0.7;0.7;0.7
5314;Bonn;Nordrhein-Westfalen;329673;4.9;4.2;3.3;2.7;1.8;1.8;0.3;0.3
5315;Köln;Nordrhein-Westfalen;1087863;8.8;8.2;8.2;8.5;8.5;8.1;9.1;10.4
5316;Leverkusen;Nordrhein-Westfalen;163729;5.5;7.3;9.2;10.4;13.4;15.9;15.9;18.9
5334;dtRegion Aachen;Nordrhein-Westfalen;557026;4.5;3.8;2.3;2.2;0.5;0.4;0.2;0.2
5358;Düren;Nordrhein-Westfalen;264638;6.4;4.9;4.5;3.4;2.6;2.6;2.3;2.3
5362;Rhein-Erft-Kreis;Nordrhein-Westfalen;470615;2.8;1.5;1.3;0.8;1.1;1.1;1.1;1.1
5366;Euskirchen;Nordrhein-Westfalen;193656;1.0;0.5;0.5;0.5;0.0;0.0;0.0;0.0
5370;Heinsberg;Nordrhein-Westfalen;255555;3.9;2.3;2.7;2.0;2.7;2.7;2.7;2.7
5374;Oberbergischer Kreis;Nordrhein-Westfalen;272057;2.2;1.8;1.1;1.1;0.4;0.4;0.0;0.0
5378;Rheinisch-Bergischer Kreis;Nordrhein-Westfalen;283271;4.6;3.2;2.8;1.1;1.1;0.7;0.4;0.4
5382;Rhein-Sieg-Kreis;Nordrhein-Westfalen;600764;3.3;2.8;2.3;1.2;0.7;0.5;0.2;0.2
5512;Bottrop;Nordrhein-Westfalen;117565;5.1;1.7;0.9;0.0;0.0;0.0;0.0;0.0
5513;Gelsenkirchen;Nordrhein-Westfalen;259645;5.0;4.2;2.7;1.2;1.2;1.2;0.4;0.4
5515;Münster;Nordrhein-Westfalen;315293;4.1;3.5;2.5;2.5;1.6;1.0;0.6;0.6
5554;Borken;Nordrhein-Westfalen;371339;2.7;3.0;4.0;4.0;4.6;4.8;5.1;5.1
5558;Coesfeld;Nordrhein-Westfalen;220586;2.3;2.3;1.8;0.9;0.5;0.5;0.0;0.0
5562;Recklinghausen;Nordrhein-Westfalen;614137;3.9;2.9;2.3;2.0;1.6;1.3;0.2;0.2
5566;Steinfurt;Nordrhein-Westfalen;448220;1.8;1.3;0.9;0.9;0.7;0.7;0.2;0.2
5570;Warendorf;Nordrhein-Westfalen;277840;3.2;2.5;2.2;1.8;0.7;0.7;0.0;0.0
5711;Bielefeld;Nordrhein-Westfalen;334195;4.2;3.3;2.7;1.8;1.8;1.5;0.3;0.3
5754;Gütersloh;Nordrhein-Westfalen;364938;1.1;1.1;1.1;0.8;0.5;0.5;0.0;0.0
5758;Herford;Nordrhein-Westfalen;250578;3.2;2.4;0.8;0.8;0.0;0.0;0.0;0.0
5762;Höxter;Nordrhein-Westfalen;140251;3.6;3.6;3.6;2.9;2.1;2.1;0.0;0.0
5766;Lippe;Nordrhein-Westfalen;347514;12.4;12.9;16.1;17.3;17.3;21.6;25.9;30.5
5770;Minden-Lübbecke;Nordrhein-Westfalen;310409;4.2;4.5;5.5;5.2;4.5;4.5;3.2;3.2
5774;Paderborn;Nordrhein-Westfalen;307839;4.5;3.6;3.2;2.6;2.6;2.6;0.6;0.6
5911;Bochum;Nordrhein-Westfalen;365587;2.2;1.4;1.1;0.8;0.0;0.0;0.0;0.0
5913;Dortmund;Nordrhein-Westfalen;588250;4.9;4.4;3.9;3.1;1.7;1.2;1.0;1.0
5914;Hagen;Nordrhein-Westfalen;188686;6.4;3.2;2.6;2.1;1.1;1.1;0.5;0.5
5915;Hamm;Nordrhein-Westfalen;179916;2.8;1.7;1.7;1.1;0.6;0.6;0.0;0.0
5916;Herne;Nordrhein-Westfalen;156449;3.2;0.6;1.3;1.3;0.6;0.6;0.6;0.6
5954;Ennepe-Ruhr-Kreis;Nordrhein-Westfalen;324106;4.0;3.1;2.5;1.5;1.5;1.5;0.3;0.3
5958;Hochsauerlandkreis;Nordrhein-Westfalen;259777;12.7;11.2;10.8;11.9;12.3;15.0;17.3;20.4
5962;Märkischer Kreis;Nordrhein-Westfalen;410222;2.7;2.0;2.2;1.2;0.5;0.2;0.2;0.2
5966;Olpe;Nordrhein-Westfalen;133955;0.7;0.7;1.5;1.5;2.2;2.2;2.2;2.2
5970;Siegen-Wittgenstein;Nordrhein-Westfalen;276944;4.0;2.9;3.2;3.6;4.0;3.2;2.9;2.9
5974;Soest;Nordrhein-Westfalen;301785;9.3;6.6;6.3;6.6;4.3;4.0;3.0;3.0
5978;Unna;Nordrhein-Westfalen;394891;1.8;1.5;1.5;1.3;0.3;0.0;0.0;0.0
6411;Darmstadt;Hessen;159878;6.9;6.3;7.5;9.4;12.5;15.6;18.8;22.5
6412;Frankfurt am Main;Hessen;763380;17.7;17.0;16.2;15.2;16.2;20.0;22.0;26.2
6413;Offenbach;Hessen;130280;20.0;13.8;11.5;10.7;7.7;8.4;5.4;5.4
6414;Wiesbaden;Hessen;278474;2.9;3.2;5.4;4.7;6.5;6.5;7.2;7.2
6431;Bergstraße;Hessen;270340;8.5;9.2;10.4;9.6;7.0;7.0;7.0;7.4
6432;Darmstadt-Dieburg;Hessen;297844;5.4;5.4;4.4;4.4;5.0;5.7;6.7;7.1
6433;Groß-Gerau;Hessen;275726;8.7;7.6;7.3;5.8;4.7;5.1;3.6;3.6
6434;Hochtaunuskreis;Hessen;236914;6.8;7.6;5.9;5.1;6.3;7.2;7.6;8.4
6435;Main-Kinzig-Kreis;Hessen;420552;5.7;5.2;4.3;2.9;1.9;1.9;1.2;1.2
6436;Main-Taunus-Kreis;Hessen;238558;7.1;8.4;11.7;12.6;15.5;18.0;21.4;24.7
6437;Odenwaldkreis;Hessen;96703;1.0;1.0;1.0;0.0;0.0;0.0;0.0;0.0
6438;Offenbach;Hessen;355813;6.2;5.3;5.3;4.8;3.9;3.9;2.5;2.5
6439;Rheingau-Taunus-Kreis;Hessen;187160;1.6;1.1;1.6;1.6;0.5;0.5;0.5;0.5
6440;Wetteraukreis;Hessen;308339;2.9;1.0;0.0;0.0;0.0;0.0;0.0;0.0
6531;Gießen;Hessen;270688;4.1;4.1;4.4;3.3;2.2;1.8;1.8;1.8
6532;Lahn-Dill-Kreis;Hessen;253319;4.7;2.0;1.2;0.8;0.4;0.4;0.0;0.0
6533;Limburg-Weilburg;Hessen;171912;2.9;2.9;4.1;4.1;2.9;2.9;1.2;1.2
6534;Marburg-Biedenkopf;Hessen;247084;3.2;3.2;2.4;1.6;1.2;1.2;0.0;0.0
6535;Vogelsbergkreis;Hessen;105643;0.9;0.9;0.0;0.0;0.0;0.0;0.0;0.0
6611;Kassel;Hessen;202137;4.5;3.5;3.0;3.0;2.0;2.0;1.5;1.5
6631;Fulda;Hessen;223145;1.3;1.3;0.9;0.4;0.0;0.0;0.0;0.0
6632;Hersfeld-Rotenburg;Hessen;120719;0.8;0.8;0.0;0.0;0.0;0.0;0.0;0.0
6633;Kassel;Hessen;236764;2.5;2.5;2.1;1.7;0.8;0.8;0.0;0.0
6634;Schwalm-Eder-Kreis;Hessen;179673;1.1;1.1;0.6;0.6;0.6;0.0;0.0;0.0
6635;Waldeck-Frankenberg;Hessen;156406;2.6;1.3;0.6;0.0;0.0;0.0;0.0;0.0
6636;Werra-Meißner-Kreis;Hessen;100629;0.0;0.0;0.0;0.0;0.0;0.0;0.0;0.0
7111;Koblenz;Rheinland-Pfalz;114052;8.8;8.8;7.0;7.0;7.9;9.6;11.4;13.2
7131;Ahrweiler;Rheinland-Pfalz;130086;6.1;0.0;0.0;0.0;0.0;0.0;0.0;0.0
7132;Altenkirchen;Rheinland-Pfalz;128805;1.6;0.8;0.8;0.8;0.0;0.0;0.0;0.0
7133;Bad Kreuznach;Rheinland-Pfalz;158345;5.1;5.7;7.6;7.6;9.5;10.1;11.4;12.6
7134;Birkenfeld;Rheinland-Pfalz;80951;1.2;1.2;0.0;0.0;0.0;0.0;0.0;0.0
7135;Cochem-Zell;Rheinland-Pfalz;61375;4.9;6.5;6.5;6.5;6.5;6.5;3.3;3.3
7137;Mayen-Koblenz;Rheinland-Pfalz;214434;6.5;5.1;6.5;6.5;7.0;8.9;10.7;12.6
7138;Neuwied;Rheinland-Pfalz;182811;7.1;6.0;4.4;3.3;0.5;0.5;0.5;0.5
7140;Rhein-Hunsrück-Kreis;Rheinland-Pfalz;103163;0.0;0.0;0.0;0.0;0.0;0.0;0.0;0.0
7141;Rhein-Lahn-Kreis;Rheinland-Pfalz;122297;1.6;1.6;1.6;1.6;1.6;1.6;0.0;0.0
7143;Westerwaldkreis;Rheinland-Pfalz;201904;3.5;2.5;0.5;0.5;0.0;0.0;0.0;0.0
7211;Trier;Rheinland-Pfalz;111528;8.1;8.1;9.9;9.9;12.6;14.3;15.2;17.9
7231;Bernkastel-Wittlich;Rheinland-Pfalz;112483;3.6;4.4;12.4;11.6;17.8;21.3;27.6;32.0
7232;Bitburg-Prüm;Rheinland-Pfalz;99058;5.0;5.0;5.0;5.0;2.0;2.0;0.0;0.0
7233;Vulkaneifel;Rheinland-Pfalz;60646;0.0;0.0;0.0;0.0;0.0;0.0;0.0;0.0
7235;Trier-Saarburg;Rheinland-Pfalz;149398;6.0;5.4;4.7;4.7;4.7;4.7;2.0;2.0
7311;Frankenthal;Rheinland-Pfalz;48762;4.1;2.1;2.1;2.1;2.1;2.1;0.0;0.0
7312;Kaiserslautern;Rheinland-Pfalz;100030;6.0;5.0;2.0;1.0;1.0;1.0;1.0;1.0
7313;Landau i.d.Pfalz;Rheinland-Pfalz;46881;4.3;2.1;4.3;4.3;4.3;4.3;2.1;2.1
7314;Ludwigshafen;Rheinland-Pfalz;172253;11.0;9.9;9.3;4.1;3.5;3.5;1.7;1.7
7315;Mainz;Rheinland-Pfalz;218578;6.4;5.5;5.0;4.6;3.7;2.7;1.8;1.8
7316;Neustadt a.d.Weinstraße;Rheinland-Pfalz;53264;1.9;1.9;1.9;1.9;0.0;0.0;0.0;0.0
7317;Pirmasens;Rheinland-Pfalz;40231;2.5;0.0;2.5;2.5;5.0;5.0;5.0;5.0
7318;Speyer;Rheinland-Pfalz;50561;2.0;2.0;2.0;2.0;2.0;2.0;0.0;0.0
7319;Worms;Rheinland-Pfalz;83542;6.0;4.8;2.4;1.2;0.0;0.0;0.0;0.0
7320;Zweibrücken;Rheinland-Pfalz;34193;0.0;0.0;0.0;0.0;0.0;0.0;0.0;0.0
7331;Alzey-Worms;Rheinland-Pfalz;129687;3.9;3.1;4.6;6.2;7.7;9.3;11.6;13.1
7332;Bad Dürkheim;Rheinland-Pfalz;132671;6.0;6.8;6.0;2.3;3.0;3.0;2.3;2.3
7333;Donnersbergkreis;Rheinland-Pfalz;75325;14.6;15.9;13.3;15.9;17.3;18.6;10.6;11.9
7334;Germersheim;Rheinland-Pfalz;129013;5.4;5.4;4.7;3.9;5.4;6.2;6.2;6.2
7335;Kaiserslautern;Rheinland-Pfalz;105979;0.0;0.0;0.0;0.0;0.0;0.0;0.0;0.0
7336;Kusel;Rheinland-Pfalz;70219;0.0;0.0;0.0;0.0;0.0;0.0;0.0;0.0
7337;Südliche Weinstraße;Rheinland-Pfalz;110521;0.0;0.0;0.0;0.0;0.0;0.0;0.0;0.0
7338;Rhein-Pfalz-Kreis;Rheinland-Pfalz;154609;5.2;3.9;3.9;1.9;1.3;1.3;1.3;1.3
7339;Mainz-Bingen;Rheinland-Pfalz;211417;3.8;3.3;2.8;2.8;1.4;0.5;0.0;0.0
7340;Südwestpfalz;Rheinland-Pfalz;94831;0.0;0.0;0.0;0.0;0.0;0.0;0.0;0.0
8111;Stuttgart;Baden-Württemberg;635911;6.4;7.1;7.2;6.3;5.7;6.0;4.1;4.1
8115;Böblingen;Baden-Württemberg;392807;5.3;4.6;4.1;2.5;1.0;1.0;0.8;0.8
8116;Esslingen;Baden-Württemberg;535024;3.2;2.6;2.8;2.6;1.9;1.3;0.7;0.7
8117;Göppingen;Baden-Württemberg;258145;5.8;5.4;3.9;1.9;1.5;0.8;0.0;0.0
8118;Ludwigsburg;Baden-Württemberg;545423;3.9;3.1;3.9;4.4;4.4;3.5;2.4;2.4
8119;Rems-Murr-Kreis;Baden-Württemberg;427248;6.8;5.6;4.7;4.0;4.2;3.7;2.8;2.8
8121;Heilbronn;Baden-Württemberg;126592;13.4;7.9;7.1;3.9;3.2;3.2;1.6;1.6
8125;Heilbronn;Baden-Württemberg;344456;7.3;4.4;4.6;4.6;2.6;2.6;2.6;2.6
8126;Hohenlohekreis;Baden-Württemberg;112655;1.8;0.9;0.9;0.0;0.0;0.0;0.0;0.0
8127;Schwäbisch Hall;Baden-Württemberg;196761;2.5;1.5;1.0;0.5;0.0;0.0;0.0;0.0
8128;Main-Tauber-Kreis;Baden-Württemberg;132399;3.8;3.0;3.0;0.8;0.0;0.0;0.0;0.0
8135;Heidenheim;Baden-Württemberg;132777;3.8;3.0;3.8;4.5;6.0;6.8;6.8;6.8
8136;Ostalbkreis;Baden-Württemberg;314025;4.5;2.5;2.2;1.3;0.6;0.3;0.3;0.3
8211;Baden-Baden;Baden-Württemberg;55185;14.5;14.5;16.3;12.7;9.1;10.9;10.9;12.7
8212;Karlsruhe;Baden-Württemberg;312060;6.7;7.4;9.0;8.3;9.0;10.9;12.5;14.4
8215;Karlsruhe;Baden-Württemberg;445101;4.5;3.8;4.0;3.1;2.7;2.7;2.2;2.2
8216;Rastatt;Baden-Württemberg;231420;7.8;3.9;2.2;2.2;0.4;0.4;0.4;0.4
8221;Heidelberg;Baden-Württemberg;161485;5.6;5.0;3.1;3.1;2.5;1.2;0.6;0.6
8222;Mannheim;Baden-Württemberg;310658;2.9;1.3;1.3;0.6;0.0;0.0;0.0;0.0
8225;Neckar-Odenwald-Kreis;Baden-Württemberg;143633;1.4;1.4;1.4;0.0;0.0;0.0;0.0;0.0
8226;Rhein-Neckar-Kreis;Baden-Württemberg;548355;2.0;1.8;1.3;0.5;0.2;0.0;0.0;0.0
8231;Pforzheim;Baden-Württemberg;125957;1.6;0.8;0.8;0.8;0.0;0.0;0.0;0.0
8235;Calw;Baden-Württemberg;159201;1.9;0.6;0.0;0.0;0.0;0.0;0.0;0.0
8236;Enzkreis;Baden-Württemberg;199556;3.5;3.0;2.0;1.5;0.0;0.0;0.0;0.0
8237;Freudenstadt;Baden-Württemberg;118243;4.2;0.8;0.8;0.8;0.8;0.0;0.0;0.0
8311;Freiburg i.Breisgau;Baden-Württemberg;231195;3.0;3.0;4.3;5.2;7.4;7.4;8.7;9.1
8315;Breisgau-Hochschwarzwald;Baden-Württemberg;263601;2.3;2.3;1.5;1.1;0.8;0.8;0.4;0.4
8316;Emmendingen;Baden-Württemberg;166408;1.8;1.8;1.2;1.2;0.0;0.0;0.0;0.0
8317;Ortenaukreis;Baden-Württemberg;430953;1.9;2.1;2.3;1.4;1.6;1.6;1.4;1.4
8325;Rottweil;Baden-Württemberg;139878;3.6;3.6;1.4;1.4;1.4;1.4;0.7;0.7
8326;Schwarzwald-Baar-Kreis;Baden-Württemberg;212506;5.6;3.8;2.4;1.4;1.4;1.4;0.9;0.9
8327;Tuttlingen;Baden-Württemberg;140766;2.8;0.7;0.7;0.7;0.0;0.0;0.0;0.0
8335;Konstanz;Baden-Württemberg;286305;0.3;0.3;0.3;0.3;0.0;0.0;0.0;0.0
8336;Lörrach;Baden-Württemberg;228736;1.7;0.9;0.4;0.4;0.4;0.4;0.0;0.0
8337;Waldshut;Baden-Württemberg;171003;1.8;1.8;0.0;0.0;0.0;0.0;0.0;0.0
8415;Reutlingen;Baden-Württemberg;287034;2.4;2.1;2.1;1.0;1.4;1.4;1.4;1.4
8416;Tübingen;Baden-Württemberg;228678;2.6;2.2;1.3;0.4;-0.4;0.0;0.0;0.0
8417;Zollernalbkreis;Baden-Württemberg;189363;2.1;1.6;0.0;0.0;0.0;0.0;0.0;0.0
8421;Ulm;Baden-Württemberg;126790;7.9;8.7;12.6;14.2;18.1;21.3;26.0;30.8
8425;Alb-Donau-Kreis;Baden-Württemberg;197076;5.6;5.6;4.6;4.1;4.6;5.6;6.6;7.1
8426;Biberach;Baden-Württemberg;201282;2.5;0.5;0.0;0.0;0.0;0.0;0.0;0.0
8435;Bodenseekreis;Baden-Württemberg;217470;7.8;7.8;8.3;7.4;5.1;4.6;2.3;2.3
8436;Ravensburg;Baden-Württemberg;285424;0.4;0.7;0.4;0.4;0.4;0.4;0.0;0.0
8437;Sigmaringen;Baden-Württemberg;130849;1.5;0.8;0.8;0.0;0.0;0.0;0.0;0.0
9161;Ingolstadt;Bayern;137392;0.7;0.7;0.7;0.7;0.0;0.0;0.0;0.0
9162;München;Bayern;1484226;9.4;8.3;8.0;6.5;6.1;5.7;4.2;4.2
9163;Rosenheim;Bayern;63551;3.1;3.1;1.6;0.0;0.0;0.0;0.0;0.0
9171;Altötting;Bayern;111516;5.4;5.4;5.4;4.5;3.6;3.6;0.0;0.0
9172;Berchtesgadener Land;Bayern;105929;7.6;7.6;9.4;7.6;8.5;9.4;10.4;10.4
9173;Bad Tölz-Wolfratshausen;Bayern;127917;1.6;1.6;0.8;0.8;0.8;0.8;0.0;0.0
9174;Dachau;Bayern;154899;3.9;2.6;2.6;1.9;0.6;0.6;0.6;0.6
9175;Ebersberg;Bayern;143649;2.1;2.1;2.1;1.4;1.4;1.4;0.0;0.0
9176;Eichstätt;Bayern;132881;5.3;4.5;3.0;3.0;1.5;1.5;1.5;1.5
9177;Erding;Bayern;138182;2.2;0.7;0.7;0.7;0.7;0.0;0.0;0.0
9178;Freising;Bayern;180007;3.9;2.2;2.8;2.2;1.1;1.1;1.1;1.1
9179;Fürstenfeldbruck;Bayern;219311;2.3;2.3;2.7;2.7;2.3;2.3;0.9;0.9
9180;Garmisch-Partenkirchen;Bayern;88424;1.1;1.1;1.1;1.1;2.3;2.3;2.3;2.3
9181;Landsberg a.Lech;Bayern;120302;1.7;1.7;1.7;1.7;0.0;0.0;0.0;0.0
9182;Miesbach;Bayern;100010;4.0;2.0;2.0;1.0;1.0;1.0;0.0;0.0
9183;Mühldorf a.Inn;Bayern;115872;2.6;1.7;0.9;0.0;0.0;0.0;0.0;0.0
9184;München;Bayern;350473;3.7;3.7;3.4;2.9;2.6;2.0;1.4;1.4
9185;Neuburg-Schrobenhausen;Bayern;97303;1.0;1.0;1.0;1.0;0.0;0.0;0.0;0.0
9186;Pfaffenhofen a.d.Ilm;Bayern;128227;3.1;1.6;3.1;3.1;1.6;1.6;1.6;1.6
9187;Rosenheim;Bayern;261330;2.3;2.3;1.9;1.1;1.1;0.4;0.4;0.4
9188;Starnberg;Bayern;136667;5.9;6.6;6.6;5.9;5.9;5.9;0.7;0.7
9189;Traunstein;Bayern;177319;4.5;3.4;3.4;2.8;1.1;1.7;0.0;0.0
9190;Weilheim-Schongau;Bayern;135478;5.9;5.9;2.2;0.7;0.7;0.7;0.0;0.0
9261;Landshut;Bayern;73411;4.1;1.4;1.4;1.4;0.0;0.0;0.0;0.0
9262;Passau;Bayern;52803;0.0;0.0;0.0;0.0;0.0;0.0;0.0;0.0
9263;Straubing;Bayern;47791;0.0;0.0;0.0;0.0;0.0;0.0;0.0;0.0
9271;Deggendorf;Bayern;119478;3.3;3.3;3.3;2.5;2.5;0.8;0.0;0.0
9272;Freyung-Grafenau;Bayern;78362;1.3;1.3;0.0;0.0;0.0;0.0;0.0;0.0
9273;Kelheim;Bayern;123058;3.3;1.6;0.0;0.0;0.0;0.0;0.0;0.0
9274;Landshut;Bayern;159895;1.3;1.3;1.3;1.3;0.6;0.6;0.0;0.0
9275;Passau;Bayern;192656;1.0;1.0;1.0;1.0;1.0;0.5;0.0;0.0
9276;Regen;Bayern;77410;0.0;0.0;0.0;0.0;0.0;0.0;0.0;0.0
9277;Rottal-Inn;Bayern;121502;0.8;0.8;0.8;0.8;0.8;0.0;0.0;0.0
9278;Straubing-Bogen;Bayern;101120;2.0;2.0;1.0;0.0;0.0;0.0;0.0;0.0
9279;Dingolfing-Landau;Bayern;96683;5.2;4.1;1.0;1.0;1.0;1.0;0.0;0.0
9361;Amberg;Bayern;42207;2.4;2.4;2.4;2.4;0.0;0.0;0.0;0.0
9362;Regensburg;Bayern;153094;13.1;12.4;10.5;10.5;7.8;7.8;4.6;4.6
9363;Weiden i.d.OPf.;Bayern;42743;0.0;0.0;0.0;0.0;0.0;0.0;0.0;0.0
9371;Amberg-Sulzbach;Bayern;103049;0.0;0.0;0.0;0.0;0.0;0.0;0.0;0.0
9372;Cham;Bayern;127998;0.0;0.0;0.0;0.0;0.0;0.0;0.0;0.0
9373;Neumarkt i.d.OPf.;Bayern;134573;3.7;2.2;0.7;0.7;0.7;0.7;0.0;0.0
9374;Neustadt a.d.Waldnaab;Bayern;94450;1.1;1.1;0.0;0.0;0.0;0.0;0.0;0.0
9375;Regensburg;Bayern;194070;4.6;4.1;5.7;5.7;5.2;4.1;4.6;4.6
9376;Schwandorf;Bayern;147872;4.7;4.7;4.1;4.1;2.0;2.0;2.0;2.0
9377;Tirschenreuth;Bayern;72046;1.4;1.4;0.0;0.0;0.0;0.0;0.0;0.0
9461;Bamberg;Bayern;77373;6.5;6.5;6.5;6.5;6.5;3.9;3.9;3.9
9462;Bayreuth;Bayern;74783;1.3;1.3;1.3;0.0;0.0;0.0;0.0;0.0
9463;Coburg;Bayern;41072;4.9;0.0;0.0;0.0;0.0;0.0;0.0;0.0
9464;Hof;Bayern;45825;0.0;0.0;4.4;4.4;6.5;6.5;8.7;8.7
9471;Bamberg;Bayern;147163;1.4;0.7;0.0;0.0;0.0;0.0;0.0;0.0
9472;Bayreuth;Bayern;103664;2.9;2.9;2.9;1.0;1.0;1.0;0.0;0.0
9473;Coburg;Bayern;86747;1.2;1.2;1.2;1.2;1.2;1.2;0.0;0.0
9474;Forchheim;Bayern;116203;4.3;1.7;0.9;0.0;0.0;0.0;0.0;0.0
9475;Hof;Bayern;94801;1.1;1.1;2.1;2.1;2.1;2.1;1.1;1.1
9476;Kronach;Bayern;66743;3.0;1.5;3.0;3.0;1.5;1.5;1.5;1.5
9477;Kulmbach;Bayern;71566;0.0;0.0;0.0;0.0;0.0;0.0;0.0;0.0
9478;Lichtenfels;Bayern;66776;1.5;1.5;3.0;3.0;1.5;1.5;1.5;1.5
9479;Wunsiedel i.Fichtelgebirge;Bayern;72655;0.0;0.0;2.8;2.8;4.1;4.1;4.1;4.1
9561;Ansbach;Bayern;41798;7.2;4.8;2.4;0.0;0.0;0.0;0.0;0.0
9562;Erlangen;Bayern;112528;5.3;3.6;3.6;2.7;1.8;0.0;0.0;0.0
9563;Fürth;Bayern;128497;8.6;7.8;4.7;3.9;3.9;3.1;0.8;0.8
9564;Nürnberg;Bayern;518370;8.9;7.3;6.4;4.2;3.1;1.5;1.2;1.2
9565;Schwabach;Bayern;40981;2.4;2.4;0.0;0.0;0.0;0.0;0.0;0.0
9571;Ansbach;Bayern;184591;2.7;2.2;3.3;2.2;2.7;2.2;2.2;2.2
9572;Erlangen-Höchstadt;Bayern;137262;3.6;0.7;0.0;0.0;0.0;0.0;0.0;0.0
9573;Fürth;Bayern;117853;8.5;8.5;8.5;7.6;11.0;12.7;15.3;17.8
9574;Nürnberger Land;Bayern;170792;4.7;3.5;2.3;1.8;1.8;1.8;0.0;0.0
9575;Neustadt a.d.Aisch-Bad Windsheim;Bayern;101014;1.0;1.0;1.0;1.0;1.0;1.0;0.0;0.0
9576;Roth;Bayern;126749;3.2;3.2;3.2;0.8;0.0;0.0;0.0;0.0
9577;Weißenburg-Gunzenhausen;Bayern;94734;1.1;0.0;0.0;0.0;0.0;0.0;0.0;0.0
9661;Aschaffenburg;Bayern;71002;14.1;12.7;8.5;7.0;5.6;1.4;1.4;1.4
9662;Schweinfurt;Bayern;53426;9.4;9.4;13.1;13.1;9.4;11.2;13.1;13.1
9663;Würzburg;Bayern;127934;7.0;7.8;8.6;10.9;9.4;11.7;14.9;17.2
9671;Aschaffenburg;Bayern;174200;5.2;2.9;3.4;1.1;1.1;1.1;1.1;1.1
9672;Bad Kissingen;Bayern;103235;2.9;2.9;1.0;0.0;0.0;0.0;0.0;0.0
9673;Rhön-Grabfeld;Bayern;79635;1.3;1.3;0.0;0.0;0.0;0.0;0.0;0.0
9674;Haßberge;Bayern;84384;1.2;1.2;1.2;0.0;0.0;0.0;0.0;0.0
9675;Kitzingen;Bayern;91155;4.4;2.2;1.1;1.1;0.0;0.0;0.0;0.0
9676;Miltenberg;Bayern;128743;1.6;1.6;3.9;4.7;6.2;6.2;6.2;6.2
9677;Main-Spessart;Bayern;126158;4.0;4.0;4.0;4.0;4.0;3.2;3.2;3.2
9678;Schweinfurt;Bayern;115445;6.9;6.9;5.2;5.2;3.5;0.9;0.9;0.9
9679;Würzburg;Bayern;162302;6.2;5.5;3.1;1.8;1.2;1.2;0.6;0.6
9761;Augsburg;Bayern;296582;6.1;5.7;4.0;2.7;1.3;1.3;0.3;0.3
9762;Kaufbeuren;Bayern;44398;4.5;4.5;4.5;4.5;2.3;0.0;0.0;0.0
9763;Kempten;Bayern;69151;0.0;0.0;0.0;0.0;0.0;0.0;0.0;0.0
9764;Memmingen;Bayern;44100;2.3;0.0;0.0;0.0;0.0;0.0;0.0;0.0
9771;Aichach-Friedberg;Bayern;134655;0.0;0.0;0.0;0.0;0.0;0.0;0.0;0.0
9772;Augsburg;Bayern;253468;3.6;3.2;2.4;1.6;0.4;0.4;0.0;0.0
9773;Dillingen a.d.Donau;Bayern;96562;2.1;2.1;2.1;2.1;1.0;0.0;0.0;0.0
9774;Günzburg;Bayern;127027;5.5;4.7;3.1;1.6;0.8;0.8;0.0;0.0
9775;Neu-Ulm;Bayern;175204;7.4;5.7;4.0;3.4;2.9;2.3;0.6;0.6
9776;Lindau;Bayern;81981;3.7;3.7;3.7;2.4;2.4;1.2;0.0;0.0
9777;Ostallgäu;Bayern;141182;5.0;4.2;4.2;2.8;2.8;1.4;0.0;0.0
9778;Unterallgäu;Bayern;145341;2.8;2.8;2.1;1.4;0.7;0.0;0.0;0.0
9779;Donau-Ries;Bayern;133783;3.0;3.7;6.0;3.7;5.2;5.2;5.2;5.2
9780;Oberallgäu;Bayern;156008;5.8;3.8;3.8;3.8;2.6;1.3;0.6;0.6
10041;Stadtverband Saarbrücken;Saarland;328714;6.1;4.3;4.6;3.7;3.7;3.3;3.0;3.0
10042;Merzig-Wadern;Saarland;103243;8.7;8.7;11.6;10.7;10.7;12.6;13.6;15.5
10043;Neunkirchen;Saarland;131408;1.5;1.5;3.0;2.3;3.0;3.0;2.3;2.3
10044;Saarlouis;Saarland;194319;3.6;3.1;3.6;1.5;2.6;2.6;3.1;3.1
10045;Saarpfalz-Kreis;Saarland;142196;5.6;4.9;4.2;2.8;3.5;2.8;2.8;2.8
10046;Sankt Wendel;Saarland;87007;1.1;1.1;1.1;0.0;0.0;0.0;0.0;0.0
11000;Berlin;Berlin;3669491;4.2;3.9;3.8;3.3;3.5;3.5;2.1;2.1
12051;Brandenburg a.d.Havel;Brandenburg;72184;2.8;2.8;1.4;1.4;1.4;1.4;0.0;0.0
12052;Cottbus;Brandenburg;99678;4.0;3.0;2.0;1.0;0.0;0.0;0.0;0.0
12053;Frankfurt (Oder);Brandenburg;57751;1.7;1.7;1.7;1.7;1.7;1.7;0.0;0.0
12054;Potsdam;Brandenburg;180334;1.7;0.6;1.1;1.1;1.1;1.1;0.6;0.6
12060;Barnim;Brandenburg;185244;-0.5;-0.5;-1.1;-1.1;-0.5;-0.5;0.0;0.0
12061;Dahme-Spreewald;Brandenburg;170791;1.8;1.8;0.6;0.6;0.6;0.6;0.0;0.0
12062;Elbe-Elster;Brandenburg;101827;10.8;9.8;6.9;3.9;4.9;4.9;4.9;4.9
12063;Havelland;Brandenburg;162996;0.6;0.6;0.6;0.0;0.0;0.0;0.0;0.0
12064;Märkisch-Oderland;Brandenburg;195751;1.0;1.0;1.0;0.0;0.0;0.0;0.0;0.0
12065;Oberhavel;Brandenburg;212914;1.4;0.5;0.5;0.5;0.5;0.5;0.0;0.0
12066;Oberspreewald-Lausitz;Brandenburg;109371;1.8;1.8;1.8;1.8;1.8;1.8;0.0;0.0
12067;Oder-Spree;Brandenburg;178803;3.9;2.8;1.7;1.1;0.0;0.0;0.0;0.0
12068;Ostprignitz-Ruppin;Brandenburg;98861;0.0;0.0;0.0;0.0;0.0;0.0;0.0;0.0
12069;Potsdam-Mittelmark;Brandenburg;216566;1.8;1.8;1.4;0.5;0.5;0.5;0.0;0.0
12070;Prignitz;Brandenburg;76158;1.3;1.3;2.6;2.6;1.3;1.3;1.3;1.3
12071;Spree-Neiße;Brandenburg;113720;0.0;0.0;0.0;0.0;0.0;0.0;0.0;0.0
12072;Teltow-Fläming;Brandenburg;169997;1.8;1.2;0.6;0.0;0.0;0.0;0.0;0.0
12073;Uckermark;Brandenburg;118947;0.8;0.8;0.0;0.0;0.0;0.0;0.0;0.0
13003;Rostock;Mecklenburg-Vorpommern;209191;2.9;2.9;2.4;1.4;1.4;1.0;0.5;0.5
13004;Schwerin;Mecklenburg-Vorpommern;95653;3.1;3.1;3.1;2.1;0.0;0.0;0.0;0.0
13071;Mecklenburgische Seenplatte;Mecklenburg-Vorpommern;258074;0.0;0.0;0.0;0.0;0.0;0.0;0.0;0.0
13072;Rostock;Mecklenburg-Vorpommern;215794;0.0;0.0;0.0;0.0;0.0;0.0;0.0;0.0
13073;Vorpommern-Rügen;Mecklenburg-Vorpommern;224702;0.0;0.0;0.0;0.0;0.0;0.0;0.0;0.0
13074;Nordwestmecklenburg;Mecklenburg-Vorpommern;157322;3.2;0.0;0.0;0.0;0.0;0.0;0.0;0.0
13075;Vorpommern-Greifswald;Mecklenburg-Vorpommern;235623;0.4;0.4;0.4;0.0;0.0;0.0;0.0;0.0
13076;Ludwigslust-Parchim;Mecklenburg-Vorpommern;211779;0.5;0.0;0.0;0.0;0.0;0.0;0.0;0.0
14511;Chemnitz;Sachsen;246334;1.2;1.2;1.2;1.2;0.8;0.4;0.0;0.0
14521;Erzgebirgskreis;Sachsen;334948;0.6;0.6;0.0;0.0;0.0;0.0;0.0;0.0
14522;Mittelsachsen;Sachsen;304099;0.3;0.3;0.0;0.0;0.0;0.0;0.0;0.0
14523;Vogtlandkreis;Sachsen;225997;1.8;1.8;0.4;0.4;0.4;0.4;0.0;0.0
14524;Zwickau;Sachsen;315002;2.2;1.9;1.3;1.0;1.0;1.0;0.0;0.0
14612;Dresden;Sachsen;556780;1.8;1.4;0.5;0.4;0.4;0.2;0.0;0.0
14625;Bautzen;Sachsen;299758;1.3;1.0;0.3;0.3;0.0;0.0;0.0;0.0
14626;Görlitz;Sachsen;252725;0.0;0.0;0.0;0.0;0.0;0.0;0.0;0.0
14627;Meißen;Sachsen;241717;0.4;0.0;0.0;0.0;0.0;0.0;0.0;0.0
14628;Sächsische Schweiz-Osterzgebirge;Sachsen;245586;1.2;0.8;0.4;0.0;0.0;0.0;0.0;0.0
14713;Leipzig;Sachsen;593145;1.9;1.5;0.8;0.5;0.3;0.3;0.0;0.0
14729;Leipzig;Sachsen;258139;1.2;0.8;0.0;0.0;0.0;0.0;0.0;0.0
14730;Nordsachsen;Sachsen;197741;0.5;0.5;0.5;0.5;0.5;0.5;0.0;0.0
15001;Dessau-Roßlau;Sachsen-Anhalt;80103;0.0;0.0;0.0;0.0;0.0;0.0;0.0;0.0
15002;Halle;Sachsen-Anhalt;238762;2.1;0.8;0.8;0.4;0.4;0.0;0.0;0.0
15003;Magdeburg;Sachsen-Anhalt;237565;0.4;0.4;0.4;0.4;0.0;0.0;0.0;0.0
15081;Altmarkkreis Salzwedel;Sachsen-Anhalt;83173;1.2;0.0;0.0;0.0;0.0;0.0;0.0;0.0
15082;Anhalt-Bitterfeld;Sachsen-Anhalt;158486;0.0;0.0;0.0;0.0;0.0;0.0;0.0;0.0
15083;Börde;Sachsen-Anhalt;170923;0.0;0.0;0.0;0.0;0.0;0.0;0.0;0.0
15084;Burgenlandkreis;Sachsen-Anhalt;178846;1.1;1.1;0.6;0.6;0.0;0.0;0.0;0.0
15085;Harz;Sachsen-Anhalt;213310;0.0;0.0;-0.5;-0.5;-0.5;-0.5;0.0;0.0
15086;Jerichower Land;Sachsen-Anhalt;89589;0.0;0.0;0.0;0.0;0.0;0.0;0.0;0.0
15087;Mansfeld-Südharz;Sachsen-Anhalt;134942;0.0;0.0;0.0;0.0;0.0;0.0;0.0;0.0
15088;Saalekreis;Sachsen-Anhalt;183815;4.4;2.7;2.7;2.2;1.6;1.6;0.0;0.0
15089;Salzlandkreis;Sachsen-Anhalt;189125;0.5;0.5;0.0;0.0;0.0;0.0;0.0;0.0
15090;Stendal;Sachsen-Anhalt;111190;0.0;0.0;0.0;0.0;0.0;0.0;0.0;0.0
15091;Wittenberg;Sachsen-Anhalt;124953;0.8;0.8;0.8;0.8;0.8;0.8;0.0;0.0
16051;Erfurt;Thüringen;213981;0.9;0.9;0.0;0.0;0.0;0.0;0.0;0.0
16052;Gera;Thüringen;93125;1.1;1.1;1.1;0.0;0.0;0.0;0.0;0.0
16053;Jena;Thüringen;111343;1.8;0.9;0.9;0.9;0.9;0.0;0.0;0.0
16054;Suhl;Thüringen;36789;0.0;0.0;0.0;0.0;0.0;0.0;0.0;0.0
16055;Weimar;Thüringen;65228;3.1;1.5;3.1;3.1;4.6;4.6;3.1;3.1
16056;Eisenach;Thüringen;42250;4.7;4.7;0.0;0.0;0.0;0.0;0.0;0.0
16061;Eichsfeld;Thüringen;100006;20.0;15.0;12.0;9.0;6.0;6.0;5.0;5.0
16062;Nordhausen;Thüringen;83416;0.0;0.0;0.0;0.0;0.0;0.0;0.0;0.0
16063;Wartburgkreis;Thüringen;118974;0.8;0.8;0.8;0.0;0.0;0.0;0.0;0.0
16064;Unstrut-Hainich-Kreis;Thüringen;102232;1.0;0.0;0.0;0.0;0.0;0.0;0.0;0.0
16065;Kyffhäuserkreis;Thüringen;74212;1.3;1.3;0.0;0.0;0.0;0.0;0.0;0.0
16066;Schmalkalden-Meiningen;Thüringen;124916;0.8;0.8;0.0;0.0;0.0;0.0;0.0;0.0
16067;Gotha;Thüringen;134908;3.0;1.5;1.5;1.5;2.2;2.2;2.2;2.2
16068;Sömmerda;Thüringen;69427;1.4;0.0;0.0;0.0;0.0;0.0;0.0;0.0
16069;Hildburghausen;Thüringen;63197;15.8;14.2;6.3;6.3;6.3;6.3;0.0;0.0
16070;Ilm-Kreis;Thüringen;106249;0.0;0.0;0.0;0.0;0.0;0.0;0.0;0.0
16071;Weimarer Land;Thüringen;82156;0.0;0.0;0.0;0.0;0.0;0.0;0.0;0.0
16072;Sonneberg;Thüringen;57717;1.7;0.0;0.0;0.0;0.0;0.0;0.0;0.0
16073;Saalfeld-Rudolstadt;Thüringen;103199;0.0;0.0;0.0;0.0;0.0;0.0;0.0;0.0
16074;Saale-Holzland-Kreis;Thüringen;82950;0.0;0.0;0.0;0.0;0.0;0.0;0.0;0.0
16075;Saale-Orla-Kreis;Thüringen;80312;3.7;2.5;1.2;0.0;0.0;0.0;0.0;0.0
16076;Greiz;Thüringen;97398;0.0;0.0;0.0;0.0;0.0;0.0;0.0;0.0
16077;Altenburger Land;Thüringen;89393;4.5;3.4;3.4;2.2;2.2;1.1;0.0;0.0
